{
  "L5U1-EVG1:": {
    "FCT-ID-I": 0,
    "FwVer-I": "207.b",
    "SwVer-I": "2.2.0-rc7",
    "Enable-Sel": 2,
    "EvtClk-Pll-Sts": 1,
    "SFP1-T-I": 37.92578125,
    "SFP2-T-I": 36.1953125,
    "SFP3-T-I": 36.50390625,
    "SFP4-T-I": 43.18359375,
    "SFP5-T-I": 38.0625,
    "SFP6-T-I": 38.1015625,
    "SFP7-T-I": 38.80078125,
    "SFP8-T-I": 39.70703125,
    "SFP1-Pwr-RX-I": 362.9,
    "SFP2-Pwr-RX-I": 330.59999999999997,
    "SFP3-Pwr-RX-I": 401.99999999999994,
    "SFP4-Pwr-RX-I": 0.0,
    "SFP5-Pwr-RX-I": 0.0,
    "SFP6-Pwr-RX-I": 0.0,
    "SFP7-Pwr-RX-I": 0.0,
    "SFP8-Pwr-RX-I": 0.0,
    "SFP1-Pwr-TX-I": 394.8,
    "SFP2-Pwr-TX-I": 362.5,
    "SFP3-Pwr-TX-I": 379.1,
    "SFP4-Pwr-TX-I": 319.0,
    "SFP5-Pwr-TX-I": 378.09999999999997,
    "SFP6-Pwr-TX-I": 443.3,
    "SFP7-Pwr-TX-I": 410.4,
    "SFP8-Pwr-TX-I": 380.2,
    "EVRU-Link-Sts": null,
    "FCT-Link1-Sts": 1,
    "FCT-Link2-Sts": 1,
    "FCT-Link3-Sts": 1,
    "FCT-Link4-Sts": 0,
    "FCT-Link5-Sts": 0,
    "FCT-Link6-Sts": 0,
    "FCT-Link7-Sts": 0,
    "FCT-Link8-Sts": 1
  },
  "L5U1-EVM1:": {
    "FCT-ID-I": 3,
    "FwVer-I": "207.b",
    "SwVer-I": "2.2.0-rc7",
    "Enable-Sel": 1,
    "EvtClk-Pll-Sts": 1,
    "SFP1-T-I": 39.78515625,
    "SFP2-T-I": 37.4921875,
    "SFP3-T-I": 35.55078125,
    "SFP4-T-I": 42.375,
    "SFP5-T-I": 42.2109375,
    "SFP6-T-I": 38.3203125,
    "SFP7-T-I": 43.16796875,
    "SFP8-T-I": 43.328125,
    "SFP1-Pwr-RX-I": 0.0,
    "SFP2-Pwr-RX-I": 334.5,
    "SFP3-Pwr-RX-I": 0.0,
    "SFP4-Pwr-RX-I": 0.0,
    "SFP5-Pwr-RX-I": 0.0,
    "SFP6-Pwr-RX-I": 0.0,
    "SFP7-Pwr-RX-I": 0.0,
    "SFP8-Pwr-RX-I": 407.7,
    "SFP1-Pwr-TX-I": 402.29999999999995,
    "SFP2-Pwr-TX-I": 386.49999999999994,
    "SFP3-Pwr-TX-I": 359.3,
    "SFP4-Pwr-TX-I": 377.0,
    "SFP5-Pwr-TX-I": 383.09999999999997,
    "SFP6-Pwr-TX-I": 401.2,
    "SFP7-Pwr-TX-I": 376.2,
    "SFP8-Pwr-TX-I": 329.7,
    "EVRU-Link-Sts": null,
    "FCT-Link1-Sts": 0,
    "FCT-Link2-Sts": 1,
    "FCT-Link3-Sts": 0,
    "FCT-Link4-Sts": 0,
    "FCT-Link5-Sts": 0,
    "FCT-Link6-Sts": 0,
    "FCT-Link7-Sts": 0,
    "FCT-Link8-Sts": 1
  },
  "L5U1-EVR0:": {
    "DC-ID-I": 1,
    "HwType-I": "mTCA-EVR-300",
    "FwVer-I": "207.e",
    "SwVer-I": "2.2.0-rc7",
    "Ena-Sel": 1,
    "Pll-Sts": 1,
    "Time-I": "Tue, 01 Sep 2020 11:54:24 +0200",
    "Time-Valid-Sts": 1,
    "Pos-I": "a:0.0 slot=2-1",
    "SFP-T-I": 31.60546875,
    "SFP-Pwr-RX-I": 399.3,
    "SFP-Pwr-TX-I": 406.7,
    "Link-Sts": 1
  },
  "L5U1-EVR1:": {
    "DC-ID-I": 2,
    "HwType-I": "mTCA-EVR-300",
    "FwVer-I": "207.7",
    "SwVer-I": "2.2.0-rc7",
    "Ena-Sel": 1,
    "Pll-Sts": 1,
    "Time-I": "Tue, 01 Sep 2020 11:54:25 +0200",
    "Time-Valid-Sts": 1,
    "Pos-I": "9:0.0 slot=3",
    "SFP-T-I": 34.3359375,
    "SFP-Pwr-RX-I": 359.79999999999995,
    "SFP-Pwr-TX-I": 212.5,
    "Link-Sts": 1
  },
  "L5U1-EVR2:": {
    "DC-ID-I": 50,
    "HwType-I": "mTCA-EVR-300",
    "FwVer-I": "207.7",
    "SwVer-I": "2.2.0-rc7",
    "Ena-Sel": 1,
    "Pll-Sts": 1,
    "Time-I": "Tue, 01 Sep 2020 11:54:26 +0200",
    "Time-Valid-Sts": 1,
    "Pos-I": "6:0.0 slot=4",
    "SFP-T-I": 33.76953125,
    "SFP-Pwr-RX-I": 402.59999999999997,
    "SFP-Pwr-TX-I": 368.99999999999994,
    "Link-Sts": 1
  }
}
