{"L5U1-EVG1:": {"FCT-ID-I": 0, "FwVer-I": "207.b", "SwVer-I": "2.2.0-rc7", "Enable-Sel": 2, "EvtClk-Pll-Sts": 1, "SFP1-T-I": 35.72265625, "SFP2-T-I": 33.80859375, "SFP3-T-I": 34.66796875, "SFP4-T-I": 40.98046875, "SFP5-T-I": 36.04296875, "SFP6-T-I": 36.08203125, "SFP7-T-I": 36.96484375, "SFP8-T-I": 37.6875, "SFP1-Pwr-RX-I": 362.9, "SFP2-Pwr-RX-I": 337.49999999999994, "SFP3-Pwr-RX-I": 405.3, "SFP4-Pwr-RX-I": 0.0, "SFP5-Pwr-RX-I": 0.0, "SFP6-Pwr-RX-I": 0.0, "SFP7-Pwr-RX-I": 0.0, "SFP8-Pwr-RX-I": 0.0, "SFP1-Pwr-TX-I": 394.8, "SFP2-Pwr-TX-I": 365.4, "SFP3-Pwr-TX-I": 379.1, "SFP4-Pwr-TX-I": 321.2, "SFP5-Pwr-TX-I": 375.29999999999995, "SFP6-Pwr-TX-I": 443.3, "SFP7-Pwr-TX-I": 410.4, "SFP8-Pwr-TX-I": 380.2, "EVRU-Link-Sts": null, "FCT-Link1-Sts": 1, "FCT-Link2-Sts": 1, "FCT-Link3-Sts": 1, "FCT-Link4-Sts": 0, "FCT-Link5-Sts": 0, "FCT-Link6-Sts": 0, "FCT-Link7-Sts": 0, "FCT-Link8-Sts": 1}, "L5U1-EVM1:": {"FCT-ID-I": 3, "FwVer-I": "207.b", "SwVer-I": "2.2.0-rc7", "Enable-Sel": 1, "EvtClk-Pll-Sts": 1, "SFP1-T-I": 37.03125, "SFP2-T-I": 34.921875, "SFP3-T-I": 32.98046875, "SFP4-T-I": 39.98828125, "SFP5-T-I": 40.0078125, "SFP6-T-I": 35.93359375, "SFP7-T-I": 40.96484375, "SFP8-T-I": 41.125, "SFP1-Pwr-RX-I": 0.0, "SFP2-Pwr-RX-I": 334.5, "SFP3-Pwr-RX-I": 0.0, "SFP4-Pwr-RX-I": 0.0, "SFP5-Pwr-RX-I": 0.0, "SFP6-Pwr-RX-I": 0.0, "SFP7-Pwr-RX-I": 0.0, "SFP8-Pwr-RX-I": 407.7, "SFP1-Pwr-TX-I": 399.5, "SFP2-Pwr-TX-I": 386.49999999999994, "SFP3-Pwr-TX-I": 359.3, "SFP4-Pwr-TX-I": 374.09999999999997, "SFP5-Pwr-TX-I": 383.09999999999997, "SFP6-Pwr-TX-I": 401.2, "SFP7-Pwr-TX-I": 373.7, "SFP8-Pwr-TX-I": 331.8, "EVRU-Link-Sts": null, "FCT-Link1-Sts": 0, "FCT-Link2-Sts": 1, "FCT-Link3-Sts": 0, "FCT-Link4-Sts": 0, "FCT-Link5-Sts": 0, "FCT-Link6-Sts": 0, "FCT-Link7-Sts": 0, "FCT-Link8-Sts": 1}, "L5U1-EVR0:": {"DC-ID-I": 1, "HwType-I": "mTCA-EVR-300", "FwVer-I": "207.e", "SwVer-I": "2.2.0-rc7", "Ena-Sel": 1, "Pll-Sts": 1, "Time-I": "Wed, 03 Jun 2020 12:02:41 +0200", "Time-Valid-Sts": 1, "Pos-I": "a:0.0 slot=2-1", "SFP-T-I": 29.40234375, "SFP-Pwr-RX-I": 402.49999999999994, "SFP-Pwr-TX-I": 406.7, "Link-Sts": 1}, "L5U1-EVR1:": {"DC-ID-I": 2, "HwType-I": "mTCA-EVR-300", "FwVer-I": "207.7", "SwVer-I": "2.2.0-rc7", "Ena-Sel": 1, "Pll-Sts": 1, "Time-I": "Wed, 03 Jun 2020 12:02:42 +0200", "Time-Valid-Sts": 1, "Pos-I": "9:0.0 slot=3", "SFP-T-I": 31.94921875, "SFP-Pwr-RX-I": 363.0, "SFP-Pwr-TX-I": 210.29999999999998, "Link-Sts": 1}, "L5U1-EVR2:": {"DC-ID-I": 50, "HwType-I": "mTCA-EVR-300", "FwVer-I": "207.7", "SwVer-I": "2.2.0-rc7", "Ena-Sel": 1, "Pll-Sts": 1, "Time-I": "Wed, 03 Jun 2020 12:02:43 +0200", "Time-Valid-Sts": 1, "Pos-I": "6:0.0 slot=4", "SFP-T-I": 31.3828125, "SFP-Pwr-RX-I": 399.4, "SFP-Pwr-TX-I": 368.99999999999994, "Link-Sts": 1}}