{"L5U1-EVG1:": {"ID": 0, "FwVer": "207.b", "SwVer": "2.2.0-rc7", "Ena-Sel": 2, "Pll-Sts": 1, "SFP1-T": 37.19140625, "SFP2-T": 35.27734375, "SFP3-T": 35.953125, "SFP4-T": 42.44921875, "SFP5-T": 37.328125, "SFP6-T": 37.3671875, "SFP7-T": 38.25, "SFP8-T": 38.97265625, "SFP1-Pwr-RX": 362.9, "SFP2-Pwr-RX": 334.0, "SFP3-Pwr-RX": 405.3, "SFP4-Pwr-RX": 0.0, "SFP5-Pwr-RX": 0.0, "SFP6-Pwr-RX": 0.0, "SFP7-Pwr-RX": 0.0, "SFP8-Pwr-RX": 0.0, "SFP1-Pwr-TX": 397.59999999999997, "SFP2-Pwr-TX": 362.5, "SFP3-Pwr-TX": 381.9, "SFP4-Pwr-TX": 319.0, "SFP5-Pwr-TX": 375.29999999999995, "SFP6-Pwr-TX": 440.2, "SFP7-Pwr-TX": 410.4, "SFP8-Pwr-TX": 383.2, "state": "FAULT"}, "L5U1-EVM1:": {"ID": 3, "FwVer": "207.b", "SwVer": "2.2.0-rc7", "Ena-Sel": 1, "Pll-Sts": 1, "SFP1-T": 38.5, "SFP2-T": 36.390625, "SFP3-T": 34.44921875, "SFP4-T": 41.2734375, "SFP5-T": 41.29296875, "SFP6-T": 37.21875, "SFP7-T": 42.25, "SFP8-T": 42.41015625, "SFP1-Pwr-RX": 0.0, "SFP2-Pwr-RX": 334.5, "SFP3-Pwr-RX": 0.0, "SFP4-Pwr-RX": 0.0, "SFP5-Pwr-RX": 0.0, "SFP6-Pwr-RX": 0.0, "SFP7-Pwr-RX": 0.0, "SFP8-Pwr-RX": 407.7, "SFP1-Pwr-TX": 402.29999999999995, "SFP2-Pwr-TX": 386.49999999999994, "SFP3-Pwr-TX": 362.2, "SFP4-Pwr-TX": 374.09999999999997, "SFP5-Pwr-TX": 386.0, "SFP6-Pwr-TX": 401.2, "SFP7-Pwr-TX": 376.2, "SFP8-Pwr-TX": 331.8, "state": "FAULT"}, "L5U1-EVR0:": {"ID": 1, "HwType": "mTCA-EVR-300", "FwVer": "207.e", "SwVer": "2.2.0-rc7", "Ena-Sel": 1, "Pll-Sts": 1, "Time": "Wed, 03 Jun 2020 10:21:31 +0200", "Time-Valid": 1, "Pos": "a:0.0 slot=2-1", "SFP-T": 30.6875, "SFP-Pwr-RX": 402.49999999999994, "SFP-Pwr-TX": 406.7, "Link-Sts": 1}, "L5U1-EVR1:": {"ID": 2, "HwType": "mTCA-EVR-300", "FwVer": "207.7", "SwVer": "2.2.0-rc7", "Ena-Sel": 1, "Pll-Sts": 1, "Time": "Wed, 03 Jun 2020 10:21:31 +0200", "Time-Valid": 1, "Pos": "9:0.0 slot=3", "SFP-T": 33.234375, "SFP-Pwr-RX": 363.0, "SFP-Pwr-TX": 210.29999999999998, "Link-Sts": 1}, "L5U1-EVR2:": {"ID": 50, "HwType": "mTCA-EVR-300", "FwVer": "207.7", "SwVer": "2.2.0-rc7", "Ena-Sel": 1, "Pll-Sts": 1, "Time": "Wed, 03 Jun 2020 10:21:32 +0200", "Time-Valid": 1, "Pos": "6:0.0 slot=4", "SFP-T": 32.66796875, "SFP-Pwr-RX": 399.4, "SFP-Pwr-TX": 371.8, "Link-Sts": 1}}