{"L5U1-EVG1": {"ID": 0, "FwVer": "207.b", "SwVer": "2.2.0-rc7", "Ena-Sel": 2, "Pll-Sts": 1, "SFP1-T": 36.82421875, "SFP2-T": 35.09375, "SFP3-T": 35.76953125, "SFP4-T": 42.265625, "SFP5-T": 36.77734375, "SFP6-T": 37.18359375, "SFP7-T": 38.06640625, "SFP8-T": 38.7890625, "SFP1-Pwr-RX": 362.9, "SFP2-Pwr-RX": 334.0, "SFP3-Pwr-RX": 405.3, "SFP4-Pwr-RX": 0.0, "SFP5-Pwr-RX": 0.0, "SFP6-Pwr-RX": 0.0, "SFP7-Pwr-RX": 0.0, "SFP8-Pwr-RX": 0.0, "SFP1-Pwr-TX": 397.59999999999997, "SFP2-Pwr-TX": 365.4, "SFP3-Pwr-TX": 379.1, "SFP4-Pwr-TX": 321.2, "SFP5-Pwr-TX": 380.9, "SFP6-Pwr-TX": 440.2, "SFP7-Pwr-TX": 410.4, "SFP8-Pwr-TX": 383.2, "state": "FAULT"}, "L5U1-EVM1": {"ID": 3, "FwVer": "207.b", "SwVer": "2.2.0-rc7", "Ena-Sel": 1, "Pll-Sts": 1, "SFP1-T": 38.31640625, "SFP2-T": 36.20703125, "SFP3-T": 34.265625, "SFP4-T": 41.08984375, "SFP5-T": 41.109375, "SFP6-T": 37.03515625, "SFP7-T": 42.06640625, "SFP8-T": 42.2265625, "SFP1-Pwr-RX": 0.0, "SFP2-Pwr-RX": 334.5, "SFP3-Pwr-RX": 0.0, "SFP4-Pwr-RX": 0.0, "SFP5-Pwr-RX": 0.0, "SFP6-Pwr-RX": 0.0, "SFP7-Pwr-RX": 0.0, "SFP8-Pwr-RX": 410.9, "SFP1-Pwr-TX": 399.5, "SFP2-Pwr-TX": 388.9, "SFP3-Pwr-TX": 362.2, "SFP4-Pwr-TX": 377.0, "SFP5-Pwr-TX": 383.09999999999997, "SFP6-Pwr-TX": 401.2, "SFP7-Pwr-TX": 376.2, "SFP8-Pwr-TX": 331.8, "state": "FAULT"}, "L5U1-EVR0": {"ID": 1, "HwType": "mTCA-EVR-300", "FwVer": "207.e", "SwVer": "2.2.0-rc7", "Ena-Sel": 1, "Pll-Sts": 1, "Time": "Mon, 01 Jun 2020 13:17:47 +0200", "Time-Valid": 1, "Pos": "a:0.0 slot=2-1", "SFP-T": 30.50390625, "SFP-Pwr-RX": 402.49999999999994, "SFP-Pwr-TX": 406.7, "Link-Sts": 1}, "L5U1-EVR1": {"ID": 2, "HwType": "mTCA-EVR-300", "FwVer": "207.7", "SwVer": "2.2.0-rc7", "Ena-Sel": 1, "Pll-Sts": 1, "Time": "Mon, 01 Jun 2020 13:17:50 +0200", "Time-Valid": 1, "Pos": "9:0.0 slot=3", "SFP-T": 33.05078125, "SFP-Pwr-RX": 363.0, "SFP-Pwr-TX": 210.29999999999998, "Link-Sts": 1}, "L5U1-EVR2": {"ID": 50, "HwType": "mTCA-EVR-300", "FwVer": "207.7", "SwVer": "2.2.0-rc7", "Ena-Sel": 1, "Pll-Sts": 1, "Time": "Mon, 01 Jun 2020 13:17:52 +0200", "Time-Valid": 1, "Pos": "6:0.0 slot=4", "SFP-T": 32.484375, "SFP-Pwr-RX": 402.59999999999997, "SFP-Pwr-TX": 368.99999999999994, "Link-Sts": 1}}