{"L5U1-EVG1:": {"ID": 0, "FwVer": "207.b", "SwVer": "2.2.0-rc7", "Ena-Sel": 2, "Pll-Sts": 1, "SFP1-T": 35.90625, "SFP2-T": 33.80859375, "SFP3-T": 34.8515625, "SFP4-T": 41.1640625, "SFP5-T": 36.2265625, "SFP6-T": 36.08203125, "SFP7-T": 37.1484375, "SFP8-T": 37.87109375, "SFP1-Pwr-RX": 362.9, "SFP2-Pwr-RX": 337.49999999999994, "SFP3-Pwr-RX": 401.99999999999994, "SFP4-Pwr-RX": 0.0, "SFP5-Pwr-RX": 0.0, "SFP6-Pwr-RX": 0.0, "SFP7-Pwr-RX": 0.0, "SFP8-Pwr-RX": 0.0, "SFP1-Pwr-TX": 397.59999999999997, "SFP2-Pwr-TX": 362.5, "SFP3-Pwr-TX": 381.9, "SFP4-Pwr-TX": 321.2, "SFP5-Pwr-TX": 380.9, "SFP6-Pwr-TX": 443.3, "SFP7-Pwr-TX": 410.4, "SFP8-Pwr-TX": 380.2, "state": "FAULT"}, "L5U1-EVM1:": {"ID": 3, "FwVer": "207.b", "SwVer": "2.2.0-rc7", "Ena-Sel": 1, "Pll-Sts": 1, "SFP1-T": 37.21484375, "SFP2-T": 35.10546875, "SFP3-T": 33.1640625, "SFP4-T": 40.171875, "SFP5-T": 40.0078125, "SFP6-T": 36.1171875, "SFP7-T": 40.96484375, "SFP8-T": 41.125, "SFP1-Pwr-RX": 0.0, "SFP2-Pwr-RX": 334.5, "SFP3-Pwr-RX": 0.0, "SFP4-Pwr-RX": 0.0, "SFP5-Pwr-RX": 0.0, "SFP6-Pwr-RX": 0.0, "SFP7-Pwr-RX": 0.0, "SFP8-Pwr-RX": 407.7, "SFP1-Pwr-TX": 402.29999999999995, "SFP2-Pwr-TX": 388.9, "SFP3-Pwr-TX": 359.3, "SFP4-Pwr-TX": 374.09999999999997, "SFP5-Pwr-TX": 383.09999999999997, "SFP6-Pwr-TX": 404.09999999999997, "SFP7-Pwr-TX": 373.7, "SFP8-Pwr-TX": 331.8, "state": "FAULT"}, "L5U1-EVR0:": {"ID": 1, "HwType": "mTCA-EVR-300", "FwVer": "207.e", "SwVer": "2.2.0-rc7", "Ena-Sel": 1, "Pll-Sts": 1, "Time": "Tue, 02 Jun 2020 15:40:20 +0200", "Time-Valid": 1, "Pos": "a:0.0 slot=2-1", "SFP-T": 29.40234375, "SFP-Pwr-RX": 402.49999999999994, "SFP-Pwr-TX": 409.59999999999997, "Link-Sts": 1}, "L5U1-EVR1:": {"ID": 2, "HwType": "mTCA-EVR-300", "FwVer": "207.7", "SwVer": "2.2.0-rc7", "Ena-Sel": 1, "Pll-Sts": 1, "Time": "Tue, 02 Jun 2020 15:40:21 +0200", "Time-Valid": 1, "Pos": "9:0.0 slot=3", "SFP-T": 31.94921875, "SFP-Pwr-RX": 363.0, "SFP-Pwr-TX": 210.29999999999998, "Link-Sts": 1}, "L5U1-EVR2:": {"ID": 50, "HwType": "mTCA-EVR-300", "FwVer": "207.7", "SwVer": "2.2.0-rc7", "Ena-Sel": 1, "Pll-Sts": 1, "Time": "Tue, 02 Jun 2020 15:40:22 +0200", "Time-Valid": 1, "Pos": "6:0.0 slot=4", "SFP-T": 31.56640625, "SFP-Pwr-RX": 402.59999999999997, "SFP-Pwr-TX": 368.99999999999994, "Link-Sts": 1}}