{
  "L5U1-EVG1": {
    "ID": 0,
    "FwVer": "207.b",
    "SwVer": "2.2.0-rc7",
    "Ena-Sel": 2,
    "Pll-Sts": 1,
    "SFP1-T": 36.82421875,
    "SFP2-T": 34.91015625,
    "SFP3-T": 35.76953125,
    "SFP4-T": 42.08203125,
    "SFP5-T": 37.328125,
    "SFP6-T": 37.0,
    "SFP7-T": 38.06640625,
    "SFP8-T": 38.7890625,
    "SFP1-Pwr-RX": 362.9,
    "SFP2-Pwr-RX": 334.0,
    "SFP3-Pwr-RX": 405.3,
    "SFP4-Pwr-RX": 0.0,
    "SFP5-Pwr-RX": 0.0,
    "SFP6-Pwr-RX": 0.0,
    "SFP7-Pwr-RX": 0.0,
    "SFP8-Pwr-RX": 0.0,
    "SFP1-Pwr-TX": 397.59999999999997,
    "SFP2-Pwr-TX": 365.4,
    "SFP3-Pwr-TX": 381.9,
    "SFP4-Pwr-TX": 321.2,
    "SFP5-Pwr-TX": 380.9,
    "SFP6-Pwr-TX": 440.2,
    "SFP7-Pwr-TX": 407.5,
    "SFP8-Pwr-TX": 380.2,
    "Link-Sts": 1,
    "FCT-Link1-Sts": 1,
    "FCT-Link2-Sts": 1,
    "FCT-Link3-Sts": 1,
    "FCT-Link4-Sts": 0,
    "FCT-Link5-Sts": 0,
    "FCT-Link6-Sts": 0,
    "FCT-Link7-Sts": 0,
    "FCT-Link8-Sts": 1
  },
  "L5U1-EVM1": {
    "ID": 3,
    "FwVer": "207.b",
    "SwVer": "2.2.0-rc7",
    "Ena-Sel": 1,
    "Pll-Sts": 1,
    "SFP1-T": 38.31640625,
    "SFP2-T": 36.20703125,
    "SFP3-T": 34.265625,
    "SFP4-T": 41.08984375,
    "SFP5-T": 40.92578125,
    "SFP6-T": 36.8515625,
    "SFP7-T": 41.8828125,
    "SFP8-T": 42.04296875,
    "SFP1-Pwr-RX": 0.0,
    "SFP2-Pwr-RX": 334.5,
    "SFP3-Pwr-RX": 0.0,
    "SFP4-Pwr-RX": 0.0,
    "SFP5-Pwr-RX": 0.0,
    "SFP6-Pwr-RX": 0.0,
    "SFP7-Pwr-RX": 0.0,
    "SFP8-Pwr-RX": 410.9,
    "SFP1-Pwr-TX": 399.5,
    "SFP2-Pwr-TX": 386.49999999999994,
    "SFP3-Pwr-TX": 362.2,
    "SFP4-Pwr-TX": 377.0,
    "SFP5-Pwr-TX": 383.09999999999997,
    "SFP6-Pwr-TX": 404.09999999999997,
    "SFP7-Pwr-TX": 373.7,
    "SFP8-Pwr-TX": 331.8,
    "Link-Sts": 1,
    "FCT-Link1-Sts": 0,
    "FCT-Link2-Sts": 1,
    "FCT-Link3-Sts": 0,
    "FCT-Link4-Sts": 0,
    "FCT-Link5-Sts": 0,
    "FCT-Link6-Sts": 0,
    "FCT-Link7-Sts": 0,
    "FCT-Link8-Sts": 1
  },
  "L5U1-EVR0": {
    "ID": 1,
    "HwType": "mTCA-EVR-300",
    "FwVer": "207.e",
    "SwVer": "2.2.0-rc7",
    "Ena-Sel": 1,
    "Pll-Sts": 1,
    "Time": "Fri, 29 May 2020 14:11:22 +0200",
    "Time-Valid": 1,
    "Pos": "a:0.0 slot=2-1",
    "SFP-T": 30.50390625,
    "SFP-Pwr-RX": 402.49999999999994,
    "SFP-Pwr-TX": 409.59999999999997,
    "Link-Sts": 1
  },
  "L5U1-EVR1": {
    "ID": 2,
    "HwType": "mTCA-EVR-300",
    "FwVer": "207.7",
    "SwVer": "2.2.0-rc7",
    "Ena-Sel": 1,
    "Pll-Sts": 1,
    "Time": "Fri, 29 May 2020 14:11:23 +0200",
    "Time-Valid": 1,
    "Pos": "9:0.0 slot=3",
    "SFP-T": 33.05078125,
    "SFP-Pwr-RX": 359.79999999999995,
    "SFP-Pwr-TX": 210.29999999999998,
    "Link-Sts": 1
  },
  "L5U1-EVR2": {
    "ID": 50,
    "HwType": "mTCA-EVR-300",
    "FwVer": "207.7",
    "SwVer": "2.2.0-rc7",
    "Ena-Sel": 1,
    "Pll-Sts": 1,
    "Time": "Fri, 29 May 2020 14:11:24 +0200",
    "Time-Valid": 1,
    "Pos": "6:0.0 slot=4",
    "SFP-T": 32.484375,
    "SFP-Pwr-RX": 399.4,
    "SFP-Pwr-TX": 371.8,
    "Link-Sts": 1
  }
}
