{"MTCA5U-EVG": {"ID": 0, "FwVer": "207.a", "SwVer": "2.2.0-rc5", "Ena-Sel": 2, "Pll-Sts": 1, "SFP1-T": 34.4375, "SFP2-T": 31.97265625, "SFP3-T": 33.75, "SFP4-T": 39.51171875, "SFP5-T": 35.125, "SFP6-T": 35.1640625, "SFP7-T": 36.046875, "SFP8-T": 36.76953125, "SFP1-Pwr-RX": 352.4, "SFP2-Pwr-RX": 0.0, "SFP3-Pwr-RX": 346.79999999999995, "SFP4-Pwr-RX": 0.0, "SFP5-Pwr-RX": 0.0, "SFP6-Pwr-RX": 0.0, "SFP7-Pwr-RX": 0.0, "SFP8-Pwr-RX": 0.0, "SFP1-Pwr-TX": 397.59999999999997, "SFP2-Pwr-TX": 362.5, "SFP3-Pwr-TX": 379.1, "SFP4-Pwr-TX": 319.0, "SFP5-Pwr-TX": 375.29999999999995, "SFP6-Pwr-TX": 443.3, "SFP7-Pwr-TX": 410.4, "SFP8-Pwr-TX": 383.2, "Link-Sts": 1, "FCT-Link1-Sts": 1, "FCT-Link2-Sts": 0, "FCT-Link3-Sts": 1, "FCT-Link4-Sts": 0, "FCT-Link5-Sts": 0, "FCT-Link6-Sts": 0, "FCT-Link7-Sts": 0, "FCT-Link8-Sts": 1}, "MTCA5U-EVR": {"ID": 1, "HwType": "mTCA-EVR-300", "FwVer": "207.e", "SwVer": "2.2.0-devel", "Ena-Sel": 1, "Pll-Sts": 1, "Time": "Fri, 30 Aug 2019 16:00:51 +0200", "Time-Valid": 1, "Pos": "a:0.0 slot=2-1", "SFP-T": 27.34375, "SFP-Pwr-RX": 399.3, "SFP-Pwr-TX": 388.79999999999995, "Link-Sts": 1}, "MTCA5U-EVR1": {"ID": 50, "HwType": "mTCA-EVR-300", "FwVer": "207.7", "SwVer": "2.2.0-rc5", "Ena-Sel": 1, "Pll-Sts": 1, "Time": "Fri, 30 Aug 2019 16:00:52 +0200", "Time-Valid": 1, "Pos": "9:0.0 slot=3", "SFP-T": 28.15234375, "SFP-Pwr-RX": 353.09999999999997, "SFP-Pwr-TX": 412.3, "Link-Sts": 1}}