{"MTCA5U-EVG": {"type": "EVM", "ID": 0, "FwVer": "207.a", "SwVer": "2.2.0-rc5", "SFP1-T": 34.62109375, "SFP2-T": 32.70703125, "SFP3-T": 34.30078125, "SFP4-T": 40.0625, "SFP5-T": 35.859375, "SFP6-T": 35.8984375, "SFP7-T": 36.59765625, "SFP8-T": 37.3203125, "SFP1-Pwr-RX": 355.9, "SFP2-Pwr-RX": 406.49999999999994, "SFP3-Pwr-RX": 343.5, "SFP4-Pwr-RX": 0.0, "SFP5-Pwr-RX": 0.0, "SFP6-Pwr-RX": 0.0, "SFP7-Pwr-RX": 0.0, "SFP8-Pwr-RX": 0.0, "SFP1-Pwr-TX": 397.59999999999997, "SFP2-Pwr-TX": 365.4, "SFP3-Pwr-TX": 381.9, "SFP4-Pwr-TX": 319.0, "SFP5-Pwr-TX": 378.09999999999997, "SFP6-Pwr-TX": 440.2, "SFP7-Pwr-TX": 407.5, "SFP8-Pwr-TX": 380.2}, "MTCA5U-EVR": {"type": "EVR", "ID": 1, "HwType": "mTCA-EVR-300", "FwVer": "207.e", "SwVer": "2.2.0-devel", "SFP-T": 27.89453125, "SFP-Pwr-RX": 396.09999999999997, "SFP-Pwr-TX": 392.3}, "MTCA5U-EVR1": {"type": "EVR", "ID": 2, "HwType": "mTCA-EVR-300", "FwVer": "207.7", "SwVer": "2.2.0-rc5", "SFP-T": 28.703125, "SFP-Pwr-RX": 379.1, "SFP-Pwr-TX": 409.2}}